airline,date_of_journey,source,destination,dep_time,arrival_time,duration,total_stops,additional_info,price
Jet Airways,2019-06-09,Kolkata,Banglore,09:35:00,22:05:00,750,1.0,In-flight meal not included,13994
Jet Airways,2019-06-12,Mumbai,Hyderabad,19:35:00,21:05:00,90,0.0,No Info,5678
Multiple Carriers,2019-04-09,Delhi,Cochin,13:00:00,21:00:00,480,1.0,No Info,12537
Air Asia,2019-06-01,Kolkata,Banglore,10:20:00,12:55:00,155,0.0,No Info,4409
Indigo,2019-04-27,Kolkata,Banglore,20:20:00,22:55:00,155,0.0,No Info,4804
Air India,2019-06-09,Kolkata,Banglore,12:00:00,07:55:00,1195,2.0,No Info,10151
Vistara,2019-03-06,Chennai,Kolkata,07:05:00,09:20:00,135,0.0,No Info,7414
Jet Airways,2019-05-01,Kolkata,Banglore,20:25:00,19:10:00,1365,1.0,In-flight meal not included,9314
Indigo,2019-06-15,Delhi,Cochin,16:00:00,21:00:00,300,1.0,No Info,6069
Air India,2019-05-18,Delhi,Cochin,05:00:00,07:40:00,1600,2.0,No Info,11228
Indigo,2019-03-15,Kolkata,Banglore,05:30:00,08:20:00,170,0.0,No Info,4148
Jet Airways,2019-03-24,Mumbai,Hyderabad,15:50:00,17:20:00,90,0.0,In-flight meal not included,2228
Indigo,2019-06-03,Delhi,Cochin,16:00:00,21:00:00,300,1.0,No Info,6593
Vistara,2019-06-27,Chennai,Kolkata,07:05:00,09:20:00,135,0.0,No Info,3687
Multiple Carriers,2019-06-24,Delhi,Cochin,08:30:00,19:15:00,645,1.0,No Info,7354
Jet Airways,2019-05-09,Delhi,Cochin,09:40:00,04:25:00,1125,2.0,No Info,15129
Vistara,2019-05-18,Delhi,Cochin,06:00:00,09:10:00,190,0.0,No Info,6741
Indigo,2019-03-21,Banglore,New Delhi,13:40:00,18:35:00,295,1.0,No Info,7166
Jet Airways,2019-03-12,Banglore,New Delhi,20:35:00,19:10:00,1355,1.0,In-flight meal not included,11087
Air Asia,2019-04-01,Kolkata,Banglore,19:55:00,22:25:00,150,0.0,No Info,3807
Spicejet,2019-04-01,Mumbai,Hyderabad,05:45:00,07:15:00,90,0.0,No check-in baggage included,1965
Jet Airways,2019-05-01,Kolkata,Banglore,08:25:00,19:50:00,685,1.0,No Info,14781
Indigo,2019-03-24,Banglore,New Delhi,21:20:00,00:15:00,175,0.0,No Info,6144
Vistara,2019-06-09,Kolkata,Banglore,07:10:00,18:50:00,700,1.0,No Info,9555
Air India,2019-03-03,Delhi,Cochin,17:15:00,19:15:00,1560,2.0,No Info,13442
Jet Airways,2019-06-06,Delhi,Cochin,09:25:00,04:25:00,1140,2.0,No Info,13882
Spicejet,2019-06-06,Kolkata,Banglore,09:00:00,11:25:00,145,0.0,No Info,3873
Air India,2019-03-15,Banglore,New Delhi,08:50:00,15:15:00,385,1.0,No Info,8714
Air India,2019-04-27,Banglore,Delhi,13:20:00,16:10:00,170,0.0,No Info,5228
Jet Airways,2019-06-06,Kolkata,Banglore,06:30:00,23:35:00,1025,1.0,No Info,14571
Air India,2019-05-18,Delhi,Cochin,08:00:00,19:15:00,675,1.0,No Info,8879
Multiple Carriers,2019-05-27,Delhi,Cochin,03:50:00,19:00:00,910,1.0,No Info,10197
Indigo,2019-06-03,Kolkata,Banglore,22:15:00,00:50:00,155,0.0,No Info,4804
Jet Airways,2019-03-12,Banglore,New Delhi,20:35:00,09:30:00,775,1.0,In-flight meal not included,11087
Jet Airways,2019-06-06,Delhi,Cochin,08:00:00,04:25:00,1225,1.0,In-flight meal not included,10262
Multiple Carriers,2019-06-03,Delhi,Cochin,16:00:00,01:30:00,570,1.0,No Info,13377
Air India,2019-06-27,Delhi,Cochin,14:25:00,19:15:00,1730,2.0,No Info,13591
Indigo,2019-06-27,Delhi,Cochin,06:50:00,22:30:00,940,1.0,No Info,6442
Jet Airways,2019-06-03,Delhi,Cochin,21:25:00,19:00:00,1295,2.0,In-flight meal not included,11507
Jet Airways,2019-06-03,Delhi,Cochin,21:50:00,04:25:00,395,1.0,In-flight meal not included,12898
Air Asia,2019-06-24,Delhi,Cochin,07:55:00,22:25:00,870,1.0,No Info,6152
Jet Airways,2019-05-06,Kolkata,Banglore,17:00:00,18:00:00,1500,1.0,No Info,11467
Jet Airways,2019-05-18,Delhi,Cochin,19:15:00,19:00:00,1425,1.0,In-flight meal not included,12373
Indigo,2019-06-24,Delhi,Cochin,06:50:00,16:10:00,560,1.0,No Info,6442
Indigo,2019-06-21,Mumbai,Hyderabad,16:55:00,18:25:00,90,0.0,No Info,4392
Jet Airways,2019-04-15,Delhi,Cochin,11:00:00,14:15:00,195,0.0,In-flight meal not included,5443
Jet Airways,2019-05-09,Banglore,Delhi,06:00:00,08:45:00,165,0.0,In-flight meal not included,4030
Air India,2019-06-21,Banglore,Delhi,21:05:00,23:55:00,170,0.0,No Info,5228
Vistara,2019-03-06,Mumbai,Hyderabad,15:40:00,16:45:00,1505,1.0,No Info,12395
Air India,2019-03-12,Banglore,New Delhi,17:25:00,18:05:00,1480,3.0,No Info,13387
Indigo,2019-06-03,Mumbai,Hyderabad,12:00:00,13:30:00,90,0.0,No Info,2754
Jet Airways,2019-06-24,Delhi,Cochin,11:00:00,14:15:00,195,0.0,In-flight meal not included,4256
Jet Airways,2019-06-24,Delhi,Cochin,09:40:00,12:35:00,1615,2.0,No Info,13014
Indigo,2019-04-18,Banglore,Delhi,18:55:00,21:50:00,175,0.0,No Info,5780
Jet Airways,2019-04-01,Kolkata,Banglore,18:55:00,04:40:00,585,1.0,In-flight meal not included,7064
Jet Airways,2019-04-21,Delhi,Cochin,11:00:00,14:15:00,195,0.0,In-flight meal not included,7202
Indigo,2019-06-01,Kolkata,Banglore,17:15:00,19:50:00,155,0.0,No Info,5224
Air Asia,2019-05-18,Kolkata,Banglore,19:55:00,23:30:00,215,1.0,No Info,6857
Indigo,2019-05-27,Mumbai,Hyderabad,06:25:00,07:55:00,90,0.0,No Info,4049
Jet Airways,2019-05-01,Kolkata,Banglore,14:05:00,08:15:00,1090,1.0,In-flight meal not included,8586
Jet Airways,2019-04-15,Banglore,Delhi,06:00:00,08:45:00,165,0.0,No Info,7229
Spicejet,2019-05-21,Chennai,Kolkata,17:45:00,20:05:00,140,0.0,No Info,3597
Jet Airways,2019-06-06,Delhi,Cochin,19:30:00,12:35:00,1025,2.0,In-flight meal not included,11733
Air Asia,2019-03-03,Banglore,New Delhi,05:50:00,08:40:00,170,0.0,No Info,7652
Vistara,2019-04-01,Banglore,Delhi,21:00:00,23:50:00,170,0.0,No Info,5403
Air India,2019-06-12,Delhi,Cochin,09:00:00,19:15:00,615,1.0,No Info,8372
Spicejet,2019-06-09,Mumbai,Hyderabad,05:45:00,07:15:00,90,0.0,No Info,2753
Air India,2019-05-24,Delhi,Cochin,07:00:00,19:15:00,735,1.0,No Info,9929
Multiple Carriers,2019-05-15,Delhi,Cochin,16:00:00,01:30:00,570,1.0,No Info,13727
Indigo,2019-03-27,Chennai,Kolkata,14:40:00,17:05:00,145,0.0,No Info,3384
Air Asia,2019-04-21,Banglore,Delhi,11:10:00,13:55:00,165,0.0,No Info,4483
Jet Airways,2019-06-27,Delhi,Cochin,07:05:00,12:35:00,330,1.0,In-flight meal not included,10262
Indigo,2019-05-12,Kolkata,Banglore,04:50:00,09:50:00,300,1.0,No Info,4176
Indigo,2019-03-24,Banglore,New Delhi,06:00:00,08:45:00,165,0.0,No Info,4777
Jet Airways,2019-04-15,Delhi,Cochin,11:30:00,19:00:00,450,1.0,In-flight meal not included,6542
Vistara,2019-03-06,Mumbai,Hyderabad,15:40:00,22:55:00,435,1.0,No Info,12395
Goair,2019-04-27,Banglore,Delhi,07:45:00,10:40:00,175,0.0,No Info,5048
Goair,2019-04-12,Banglore,Delhi,11:40:00,14:30:00,170,0.0,No Info,4937
Jet Airways,2019-06-06,Banglore,Delhi,17:45:00,20:45:00,180,0.0,No Info,8016
Jet Airways,2019-06-12,Mumbai,Hyderabad,07:05:00,08:30:00,85,0.0,No Info,8040
Jet Airways,2019-04-01,Banglore,Delhi,17:45:00,20:45:00,180,0.0,In-flight meal not included,4544
Indigo,2019-05-24,Kolkata,Banglore,20:20:00,22:55:00,155,0.0,No Info,4804
Jet Airways,2019-05-09,Delhi,Cochin,21:50:00,12:35:00,885,1.0,In-flight meal not included,12373
Jet Airways,2019-05-01,Kolkata,Banglore,08:25:00,20:45:00,740,1.0,No Info,14781
Jet Airways,2019-06-06,Delhi,Cochin,21:50:00,19:00:00,1270,1.0,No Info,14714
Spicejet,2019-06-15,Kolkata,Banglore,14:55:00,17:25:00,150,0.0,No Info,3873
Jet Airways,2019-03-06,Banglore,New Delhi,22:50:00,09:30:00,640,1.0,No Info,17261
Air India,2019-03-21,Delhi,Cochin,17:15:00,07:40:00,865,2.0,No Info,8052
Indigo,2019-04-18,Banglore,Delhi,01:30:00,04:15:00,165,0.0,No Info,4591
Indigo,2019-03-09,Banglore,New Delhi,18:55:00,21:45:00,170,0.0,No Info,6860
Air India,2019-03-03,Banglore,New Delhi,08:15:00,23:10:00,895,1.0,No Info,6781
Spicejet,2019-06-09,Kolkata,Banglore,09:00:00,11:25:00,145,0.0,No Info,4174
Jet Airways,2019-05-27,Delhi,Cochin,19:45:00,19:00:00,1395,1.0,In-flight meal not included,12898
Vistara,2019-03-24,Kolkata,Banglore,17:00:00,20:25:00,1645,1.0,No Info,12102
Jet Airways,2019-03-21,Banglore,New Delhi,07:00:00,13:15:00,375,1.0,In-flight meal not included,7832
Air India,2019-06-01,Delhi,Cochin,06:50:00,07:40:00,1490,2.0,No Info,15481
Jet Airways,2019-05-09,Delhi,Cochin,17:30:00,04:25:00,655,1.0,In-flight meal not included,12373
Indigo,2019-04-03,Delhi,Cochin,14:20:00,17:35:00,195,0.0,No Info,4729
Vistara,2019-05-15,Kolkata,Banglore,17:00:00,10:45:00,1065,1.0,No Info,8452
Spicejet,2019-06-24,Kolkata,Banglore,17:10:00,19:40:00,150,0.0,No check-in baggage included,3841
Jet Airways,2019-05-27,Delhi,Cochin,07:05:00,12:35:00,330,1.0,In-flight meal not included,12898
Spicejet,2019-05-24,Kolkata,Banglore,09:00:00,11:25:00,145,0.0,No Info,3873
Air India,2019-03-27,Delhi,Cochin,09:45:00,08:15:00,1350,1.0,No Info,7416
Indigo,2019-03-21,Delhi,Cochin,14:20:00,22:20:00,480,1.0,No Info,6528
Multiple Carriers,2019-06-03,Delhi,Cochin,03:50:00,19:00:00,910,1.0,No Info,12192
Spicejet,2019-05-03,Chennai,Kolkata,08:20:00,10:35:00,135,0.0,No Info,3597
Jet Airways,2019-06-03,Delhi,Cochin,21:50:00,04:25:00,395,1.0,No Info,16079
Indigo,2019-06-12,Kolkata,Banglore,20:20:00,22:55:00,155,0.0,No Info,4804
Indigo,2019-03-27,Delhi,Cochin,11:30:00,21:00:00,570,1.0,No Info,6416
Indigo,2019-03-27,Kolkata,Banglore,21:25:00,00:05:00,160,0.0,No Info,4148
Jet Airways,2019-06-09,Delhi,Cochin,09:40:00,04:25:00,1125,2.0,In-flight meal not included,10368
Jet Airways,2019-03-12,Banglore,New Delhi,20:35:00,16:10:00,1175,1.0,In-flight meal not included,11087
Jet Airways,2019-06-06,Kolkata,Banglore,20:25:00,19:10:00,1365,1.0,No Info,14151
Air India,2019-05-06,Kolkata,Banglore,16:45:00,12:00:00,1155,2.0,No Info,14120
Jet Airways,2019-03-03,Delhi,Cochin,08:00:00,04:25:00,1225,1.0,No Info,17024
Vistara,2019-06-24,Chennai,Kolkata,17:45:00,20:05:00,140,0.0,No Info,11982
Vistara,2019-05-09,Kolkata,Banglore,07:10:00,23:25:00,975,1.0,No Info,8085
Indigo,2019-05-18,Kolkata,Banglore,04:40:00,07:15:00,155,0.0,No Info,4804
Indigo,2019-06-09,Delhi,Cochin,14:20:00,22:30:00,490,1.0,No Info,6938
Jet Airways,2019-03-09,Delhi,Cochin,08:00:00,04:25:00,1225,1.0,No Info,17549
Spicejet,2019-06-09,Kolkata,Banglore,15:55:00,21:25:00,330,1.0,No Info,9158
Spicejet,2019-05-06,Chennai,Kolkata,08:20:00,10:35:00,135,0.0,No Info,3911
Jet Airways,2019-06-24,Delhi,Cochin,14:00:00,19:00:00,300,1.0,In-flight meal not included,10262
Jet Airways,2019-05-18,Kolkata,Banglore,05:45:00,09:20:00,1655,1.0,In-flight meal not included,9663
Indigo,2019-03-03,Chennai,Kolkata,22:05:00,00:25:00,140,0.0,No Info,5277
Air India,2019-06-27,Delhi,Cochin,05:15:00,07:40:00,1585,3.0,No Info,11543
Indigo,2019-05-01,Kolkata,Banglore,19:35:00,23:15:00,220,1.0,No Info,4226
Multiple Carriers,2019-06-03,Delhi,Cochin,09:45:00,22:30:00,765,1.0,No Info,9646
Spicejet,2019-06-12,Kolkata,Banglore,17:10:00,19:40:00,150,0.0,No Info,4174
Spicejet,2019-06-06,Delhi,Cochin,17:55:00,22:50:00,295,1.0,No Info,5409
Jet Airways,2019-05-15,Kolkata,Banglore,17:00:00,21:05:00,1685,1.0,No Info,14151
Air India,2019-05-27,Delhi,Cochin,18:05:00,21:10:00,185,0.0,No Info,6094
Jet Airways,2019-05-18,Kolkata,Banglore,20:00:00,08:15:00,735,1.0,No Info,13941
Multiple Carriers,2019-03-27,Delhi,Cochin,07:30:00,19:15:00,705,1.0,No Info,9100
Jet Airways,2019-05-18,Delhi,Cochin,23:05:00,12:35:00,810,2.0,No Info,15129
Jet Airways,2019-06-15,Delhi,Cochin,19:45:00,12:35:00,1010,1.0,In-flight meal not included,10262
Air India,2019-03-06,Delhi,Cochin,21:30:00,19:15:00,1305,2.0,No Info,11552
Air India,2019-03-03,Banglore,New Delhi,00:30:00,08:45:00,495,1.0,No Info,11392
Air India,2019-05-27,Delhi,Cochin,14:10:00,17:10:00,180,0.0,No Info,6934
Goair,2019-06-06,Delhi,Cochin,14:25:00,19:35:00,310,1.0,No Info,7870
Jet Airways,2019-06-03,Delhi,Cochin,09:00:00,19:00:00,600,1.0,No Info,14714
Air Asia,2019-06-01,Banglore,Delhi,23:55:00,02:45:00,170,0.0,No Info,7120
Air Asia,2019-05-27,Kolkata,Banglore,22:50:00,01:20:00,150,0.0,No Info,3807
Air India,2019-05-24,Kolkata,Banglore,12:00:00,21:50:00,590,2.0,No Info,9941
Indigo,2019-05-18,Delhi,Cochin,14:25:00,17:40:00,195,0.0,No Info,6015
Jet Airways,2019-06-18,Banglore,Delhi,07:10:00,10:10:00,180,0.0,No Info,8016
Multiple Carriers,2019-05-27,Delhi,Cochin,07:05:00,21:00:00,835,1.0,In-flight meal not included,10406
Indigo,2019-05-15,Chennai,Kolkata,22:05:00,00:25:00,140,0.0,No Info,5277
Indigo,2019-04-06,Banglore,Delhi,10:30:00,13:20:00,170,0.0,No Info,4423
Vistara,2019-06-24,Delhi,Cochin,14:40:00,17:50:00,190,0.0,No Info,6216
Vistara,2019-05-24,Kolkata,Banglore,17:00:00,20:20:00,1640,1.0,No Info,9870
Indigo,2019-06-24,Kolkata,Banglore,20:20:00,22:55:00,155,0.0,No Info,4804
Jet Airways,2019-05-01,Kolkata,Banglore,14:05:00,22:35:00,510,1.0,No Info,14781
Indigo,2019-06-18,Chennai,Kolkata,13:15:00,15:35:00,140,0.0,No Info,3597
Jet Airways,2019-05-24,Kolkata,Banglore,16:30:00,04:40:00,730,1.0,In-flight meal not included,10844
Air India,2019-06-03,Delhi,Cochin,19:45:00,19:15:00,1410,2.0,No Info,10441
Jet Airways,2019-06-03,Delhi,Cochin,19:45:00,12:35:00,1010,1.0,No Info,14714
Indigo,2019-03-09,Kolkata,Banglore,22:10:00,00:55:00,165,0.0,No Info,4148
Multiple Carriers,2019-06-06,Delhi,Cochin,13:00:00,21:00:00,480,1.0,No Info,7408
Multiple Carriers,2019-05-27,Delhi,Cochin,09:00:00,21:00:00,720,1.0,In-flight meal not included,7886
Indigo,2019-03-24,Banglore,New Delhi,07:10:00,10:05:00,175,0.0,No Info,6144
Jet Airways,2019-05-18,Banglore,Delhi,06:00:00,08:45:00,165,0.0,No Info,7229
Indigo,2019-03-01,Chennai,Kolkata,13:20:00,15:35:00,135,0.0,No Info,7295
Multiple Carriers,2019-05-27,Delhi,Cochin,09:15:00,19:15:00,600,1.0,No Info,9149
Multiple Carriers,2019-03-06,Delhi,Cochin,18:00:00,01:35:00,455,1.0,No Info,16863
Multiple Carriers,2019-03-27,Delhi,Cochin,09:00:00,18:50:00,590,1.0,No Info,11667
Jet Airways,2019-05-09,Banglore,Delhi,19:50:00,22:50:00,180,0.0,In-flight meal not included,3502
Indigo,2019-05-18,Banglore,Delhi,20:00:00,22:50:00,170,0.0,No Info,4823
Jet Airways,2019-06-15,Delhi,Cochin,05:30:00,04:25:00,1375,2.0,In-flight meal not included,10368
Multiple Carriers,2019-03-06,Delhi,Cochin,10:00:00,18:50:00,530,1.0,No Info,16497
Vistara,2019-06-12,Kolkata,Banglore,07:10:00,18:50:00,700,1.0,No Info,8610
Indigo,2019-05-21,Kolkata,Banglore,15:15:00,20:05:00,290,1.0,No Info,5170
Air India,2019-03-09,Delhi,Cochin,23:00:00,19:15:00,1215,1.0,No Info,11260
Jet Airways,2019-06-12,Delhi,Cochin,12:15:00,12:35:00,1460,2.0,No Info,14300
Multiple Carriers,2019-05-15,Delhi,Cochin,12:50:00,01:30:00,760,1.0,No Info,7670
Jet Airways,2019-06-03,Delhi,Cochin,19:45:00,19:00:00,1395,1.0,In-flight meal not included,10262
Jet Airways,2019-03-24,Kolkata,Banglore,16:55:00,18:10:00,1515,1.0,No Info,14231
Goair,2019-04-21,Banglore,Delhi,07:45:00,10:40:00,175,0.0,No Info,4632
Spicejet,2019-04-09,Kolkata,Banglore,06:55:00,09:30:00,155,0.0,No Info,3873
Jet Airways,2019-03-21,Delhi,Cochin,19:45:00,18:50:00,1385,1.0,No Info,12347
Multiple Carriers,2019-05-27,Delhi,Cochin,07:05:00,22:30:00,925,1.0,No Info,9856
Indigo,2019-05-09,Kolkata,Banglore,22:15:00,00:50:00,155,0.0,No Info,4804
Multiple Carriers,2019-03-06,Delhi,Cochin,06:40:00,18:50:00,730,1.0,No Info,15135
Air India,2019-04-01,Kolkata,Banglore,07:00:00,05:25:00,1345,2.0,No Info,12849
Jet Airways,2019-05-21,Mumbai,Hyderabad,19:35:00,21:05:00,90,0.0,No Info,5678
Jet Airways,2019-03-06,Banglore,New Delhi,22:50:00,05:05:00,375,1.0,No Info,19225
Indigo,2019-04-06,Kolkata,Banglore,15:15:00,20:30:00,315,1.0,No Info,4268
Jet Airways,2019-06-06,Delhi,Cochin,22:50:00,19:00:00,1210,1.0,No Info,14714
Indigo,2019-05-12,Kolkata,Banglore,17:15:00,19:50:00,155,0.0,No Info,4804
Multiple Carriers,2019-05-09,Delhi,Cochin,13:00:00,21:00:00,480,1.0,No Info,13727
Indigo,2019-04-24,Kolkata,Banglore,11:30:00,14:05:00,155,0.0,No Info,4804
Air India,2019-03-12,Banglore,New Delhi,07:30:00,11:05:00,1655,2.0,No Info,11602
Spicejet,2019-04-03,Mumbai,Hyderabad,13:15:00,14:45:00,90,0.0,No Info,2017
Air India,2019-05-18,Delhi,Cochin,12:55:00,19:15:00,1820,2.0,No Info,13696
Air India,2019-06-09,Kolkata,Banglore,14:15:00,16:45:00,150,0.0,No Info,6245
Indigo,2019-05-09,Kolkata,Banglore,17:35:00,22:15:00,280,1.0,No Info,5386
Indigo,2019-04-15,Delhi,Cochin,17:05:00,22:15:00,310,1.0,No Info,5912
Indigo,2019-03-21,Banglore,New Delhi,16:55:00,19:45:00,170,0.0,No Info,6860
Jet Airways,2019-05-27,Delhi,Cochin,20:00:00,04:25:00,505,2.0,No Info,16263
Indigo,2019-05-15,Delhi,Cochin,11:25:00,21:00:00,575,1.0,No Info,6979
Jet Airways,2019-05-24,Delhi,Cochin,11:40:00,19:00:00,440,2.0,No Info,21219
Jet Airways,2019-05-09,Delhi,Cochin,19:15:00,19:00:00,1425,1.0,No Info,15554
Goair,2019-05-03,Banglore,Delhi,20:55:00,23:40:00,165,0.0,No Info,4239
Indigo,2019-04-27,Delhi,Cochin,14:20:00,17:35:00,195,0.0,No Info,5021
Jet Airways,2019-06-06,Delhi,Cochin,18:15:00,19:00:00,1485,1.0,In-flight meal not included,10262
Jet Airways,2019-03-21,Banglore,New Delhi,08:55:00,07:40:00,1365,1.0,In-flight meal not included,7412
Indigo,2019-03-06,Delhi,Cochin,05:35:00,08:50:00,195,0.0,No Info,7673
Indigo,2019-05-21,Delhi,Cochin,10:35:00,21:00:00,625,1.0,No Info,6794
Vistara,2019-03-24,Banglore,New Delhi,16:00:00,18:35:00,155,0.0,No Info,11913
Jet Airways,2019-03-01,Banglore,New Delhi,14:05:00,21:20:00,435,1.0,No Info,36235
Jet Airways,2019-05-09,Delhi,Cochin,19:30:00,12:35:00,1025,2.0,In-flight meal not included,13029
Jet Airways,2019-05-18,Kolkata,Banglore,05:45:00,12:00:00,375,1.0,In-flight meal not included,8586
Indigo,2019-05-18,Kolkata,Banglore,21:00:00,02:15:00,315,1.0,No Info,6534
Indigo,2019-06-12,Delhi,Cochin,17:10:00,01:30:00,500,1.0,No Info,5883
Indigo,2019-03-12,Kolkata,Banglore,15:10:00,17:45:00,155,0.0,No Info,4148
Jet Airways,2019-04-01,Kolkata,Banglore,21:10:00,09:20:00,730,1.0,No Info,13364
Air Asia,2019-05-06,Banglore,Delhi,04:55:00,07:45:00,170,0.0,No Info,4282
Jet Airways,2019-05-06,Kolkata,Banglore,09:35:00,09:45:00,1450,1.0,No Info,10953
Jet Airways,2019-06-12,Kolkata,Banglore,16:30:00,10:05:00,1055,1.0,In-flight meal not included,8529
Multiple Carriers,2019-06-27,Delhi,Cochin,11:40:00,19:15:00,455,1.0,In-flight meal not included,7268
Multiple Carriers,2019-03-03,Delhi,Cochin,13:05:00,21:20:00,495,2.0,No Info,11966
Indigo,2019-06-15,Delhi,Cochin,07:15:00,12:30:00,315,1.0,No Info,6582
Jet Airways,2019-03-24,Banglore,New Delhi,05:45:00,10:45:00,300,1.0,In-flight meal not included,8147
Multiple Carriers,2019-06-03,Delhi,Cochin,10:00:00,19:00:00,540,1.0,No Info,14502
Multiple Carriers,2019-03-06,Delhi,Cochin,09:10:00,18:50:00,580,1.0,No Info,15135
Air India,2019-06-09,Kolkata,Banglore,09:25:00,05:25:00,1200,2.0,No Info,13007
Air India,2019-06-15,Delhi,Cochin,05:10:00,08:00:00,170,0.0,No Info,5201
Air India,2019-05-27,Delhi,Cochin,21:00:00,19:15:00,1335,1.0,No Info,8372
Multiple Carriers,2019-05-21,Delhi,Cochin,10:20:00,01:30:00,910,1.0,No Info,7485
Indigo,2019-05-09,Mumbai,Hyderabad,16:55:00,18:25:00,90,0.0,No Info,4784
Spicejet,2019-05-09,Kolkata,Banglore,17:10:00,19:40:00,150,0.0,No check-in baggage included,3841
Jet Airways,2019-04-21,Banglore,Delhi,07:10:00,10:10:00,180,0.0,In-flight meal not included,6144
Jet Airways,2019-04-27,Banglore,Delhi,17:45:00,20:45:00,180,0.0,In-flight meal not included,4544
Jet Airways,2019-03-21,Banglore,New Delhi,05:45:00,19:10:00,805,1.0,In-flight meal not included,7832
Jet Airways,2019-05-21,Banglore,Delhi,19:50:00,22:50:00,180,0.0,In-flight meal not included,4030
Air India,2019-03-15,Delhi,Cochin,14:10:00,17:10:00,180,0.0,No Info,5674
Air India,2019-04-01,Kolkata,Banglore,20:45:00,23:20:00,155,0.0,No Info,4460
Air Asia,2019-06-09,Delhi,Cochin,07:55:00,15:45:00,470,1.0,No Info,8759
Air India,2019-05-01,Kolkata,Banglore,10:00:00,23:15:00,795,1.0,No Info,10203
Jet Airways,2019-03-24,Kolkata,Banglore,13:55:00,23:25:00,570,1.0,In-flight meal not included,11134
Multiple Carriers,2019-06-27,Delhi,Cochin,14:00:00,01:30:00,690,1.0,No Info,13377
Air India,2019-06-12,Kolkata,Banglore,10:00:00,13:45:00,1665,2.0,No Info,12224
Multiple Carriers,2019-03-03,Delhi,Cochin,15:25:00,01:35:00,610,1.0,No Info,15147
Vistara,2019-05-15,Kolkata,Banglore,07:10:00,22:40:00,930,1.0,No Info,8452
Air India,2019-05-21,Kolkata,Banglore,08:20:00,11:10:00,1610,2.0,No Info,11222
Jet Airways,2019-06-24,Delhi,Cochin,21:25:00,12:35:00,910,2.0,No Info,12609
Jet Airways,2019-06-09,Kolkata,Banglore,20:25:00,22:05:00,1540,1.0,No Info,12692
Indigo,2019-03-09,Kolkata,Banglore,21:25:00,00:05:00,160,0.0,No Info,4148
Jet Airways,2019-05-09,Delhi,Cochin,17:30:00,19:00:00,1530,1.0,In-flight meal not included,12373
Air India,2019-03-06,Mumbai,Hyderabad,17:20:00,14:50:00,150,2.0,No Info,11972
Jet Airways,2019-05-01,Banglore,Delhi,18:55:00,22:00:00,185,0.0,In-flight meal not included,4030
Spicejet,2019-03-21,Mumbai,Hyderabad,22:45:00,00:10:00,85,0.0,No Info,1759
Spicejet,2019-04-21,Banglore,Delhi,09:30:00,12:20:00,170,0.0,No check-in baggage included,4885
Indigo,2019-06-24,Banglore,Delhi,16:55:00,19:55:00,180,0.0,No Info,4823
Air India,2019-03-24,Mumbai,Hyderabad,21:05:00,22:25:00,80,0.0,No Info,2575
Air India,2019-05-15,Delhi,Cochin,17:15:00,07:40:00,865,2.0,No Info,13039
Jet Airways,2019-03-09,Delhi,Cochin,06:50:00,04:25:00,1295,1.0,No Info,16289
Air India,2019-06-12,Banglore,Delhi,10:00:00,12:45:00,165,0.0,No Info,6961
Air India,2019-06-12,Kolkata,Banglore,14:35:00,14:35:00,1440,1.0,No Info,6528
Jet Airways,2019-03-01,Banglore,New Delhi,08:55:00,16:10:00,435,1.0,No Info,26890
Vistara,2019-06-12,Banglore,Delhi,09:45:00,12:35:00,170,0.0,No Info,4668
Spicejet,2019-03-18,Banglore,New Delhi,05:45:00,08:35:00,170,0.0,No check-in baggage included,4273
Multiple Carriers,2019-03-21,Delhi,Cochin,07:00:00,18:50:00,710,1.0,No Info,12402
Multiple Carriers,2019-06-09,Delhi,Cochin,06:40:00,19:00:00,740,1.0,No Info,10877
Air India,2019-06-15,Delhi,Cochin,12:30:00,09:25:00,1255,1.0,No Info,7480
Jet Airways,2019-05-06,Kolkata,Banglore,09:35:00,18:00:00,505,1.0,In-flight meal not included,12384
Multiple Carriers,2019-06-12,Delhi,Cochin,10:00:00,19:15:00,555,1.0,No Info,14848
Air India,2019-03-01,Banglore,New Delhi,10:30:00,21:25:00,655,2.0,No Info,11213
Spicejet,2019-03-24,Banglore,New Delhi,05:45:00,08:35:00,170,0.0,No check-in baggage included,4273
Indigo,2019-06-24,Banglore,Delhi,23:30:00,02:20:00,170,0.0,No Info,3943
Jet Airways,2019-06-15,Delhi,Cochin,09:40:00,04:25:00,1125,2.0,No Info,13014
Multiple Carriers,2019-06-03,Delhi,Cochin,07:05:00,22:30:00,925,1.0,No Info,10696
Indigo,2019-06-06,Delhi,Cochin,10:35:00,01:30:00,895,1.0,No Info,5883
Jet Airways,2019-06-21,Mumbai,Hyderabad,07:05:00,08:30:00,85,0.0,In-flight meal not included,4995
Jet Airways,2019-05-24,Kolkata,Banglore,06:30:00,09:20:00,1610,1.0,No Info,14178
Air India,2019-03-21,Banglore,New Delhi,08:15:00,23:10:00,895,1.0,No Info,4943
Jet Airways,2019-03-03,Delhi,Cochin,09:55:00,18:50:00,535,1.0,No Info,18550
Indigo,2019-03-24,Banglore,New Delhi,23:30:00,02:20:00,170,0.0,No Info,4944
Jet Airways,2019-06-09,Delhi,Cochin,09:40:00,12:35:00,1615,2.0,In-flight meal not included,10368
Jet Airways,2019-03-09,Delhi,Cochin,20:50:00,18:50:00,1320,1.0,In-flight meal not included,14053
Indigo,2019-06-01,Kolkata,Banglore,09:35:00,12:10:00,155,0.0,No Info,4804
Multiple Carriers,2019-05-21,Delhi,Cochin,10:20:00,21:00:00,640,1.0,No Info,7485
Air India,2019-06-18,Banglore,Delhi,10:00:00,12:45:00,165,0.0,No Info,6961
Spicejet,2019-05-09,Mumbai,Hyderabad,05:45:00,07:15:00,90,0.0,No Info,2017
Jet Airways,2019-05-09,Kolkata,Banglore,06:30:00,18:15:00,705,1.0,No Info,14781
Indigo,2019-03-03,Banglore,New Delhi,10:05:00,13:00:00,175,0.0,No Info,7648
Multiple Carriers,2019-06-06,Delhi,Cochin,13:00:00,01:30:00,750,1.0,No Info,13377
Jet Airways,2019-05-24,Kolkata,Banglore,18:55:00,19:50:00,1495,1.0,In-flight meal not included,10844
Indigo,2019-06-27,Banglore,Delhi,13:00:00,15:50:00,170,0.0,No Info,3943
Multiple Carriers,2019-05-18,Delhi,Cochin,19:00:00,01:30:00,390,1.0,No Info,8283
Vistara,2019-06-09,Kolkata,Banglore,17:00:00,23:25:00,385,1.0,No Info,9870
Multiple Carriers,2019-03-27,Delhi,Cochin,08:00:00,15:30:00,450,1.0,No Info,12537
Indigo,2019-06-09,Banglore,Delhi,00:25:00,03:15:00,170,0.0,No Info,3943
Vistara,2019-04-12,Banglore,Delhi,11:30:00,14:20:00,170,0.0,No Info,5403
Jet Airways,2019-05-27,Delhi,Cochin,13:25:00,19:00:00,1775,2.0,No Info,15129
Jet Airways,2019-04-01,Kolkata,Banglore,20:00:00,19:50:00,1430,1.0,In-flight meal not included,7064
Jet Airways,2019-03-01,Banglore,New Delhi,07:00:00,20:20:00,800,1.0,No Info,27992
Indigo,2019-03-01,Banglore,New Delhi,05:15:00,10:00:00,285,1.0,No Info,8064
Jet Airways,2019-03-12,Banglore,New Delhi,05:45:00,11:25:00,340,1.0,No Info,13817
Air India,2019-06-09,Delhi,Cochin,05:00:00,19:15:00,2295,2.0,No Info,9968
Spicejet,2019-06-15,Kolkata,Banglore,14:55:00,17:25:00,150,0.0,No check-in baggage included,3841
Jet Airways,2019-05-06,Kolkata,Banglore,08:25:00,19:50:00,685,1.0,No Info,14781
Jet Airways,2019-05-18,Kolkata,Banglore,09:35:00,18:00:00,505,1.0,No Info,14151
Air India,2019-06-24,Delhi,Cochin,17:15:00,07:40:00,865,2.0,No Info,11989
Indigo,2019-06-09,Kolkata,Banglore,19:35:00,23:15:00,220,1.0,No Info,5276
Air India,2019-06-21,Banglore,Delhi,10:00:00,12:45:00,165,0.0,No Info,6961
Air Asia,2019-06-03,Banglore,Delhi,11:10:00,13:55:00,165,0.0,No Info,4483
Indigo,2019-06-12,Mumbai,Hyderabad,12:00:00,13:30:00,90,0.0,No Info,2754
Jet Airways,2019-06-15,Delhi,Cochin,13:00:00,04:25:00,925,1.0,In-flight meal not included,10262
Spicejet,2019-03-27,Kolkata,Banglore,22:20:00,00:40:00,140,0.0,No check-in baggage included,3815
Jet Airways,2019-06-27,Delhi,Cochin,10:00:00,19:00:00,540,1.0,No Info,14714
Spicejet,2019-03-18,Mumbai,Hyderabad,22:45:00,00:10:00,85,0.0,No check-in baggage included,1965
Air India,2019-05-27,Delhi,Cochin,17:20:00,09:25:00,965,1.0,No Info,7480
Indigo,2019-05-03,Chennai,Kolkata,07:55:00,10:15:00,140,0.0,No Info,3850
Indigo,2019-06-12,Delhi,Cochin,06:50:00,12:10:00,320,1.0,No Info,5298
Multiple Carriers,2019-06-01,Delhi,Cochin,07:05:00,22:30:00,925,1.0,No Info,9646
Jet Airways,2019-05-09,Kolkata,Banglore,06:30:00,19:50:00,800,1.0,No Info,14781
Indigo,2019-03-01,Banglore,New Delhi,22:20:00,01:10:00,170,0.0,No Info,11934
Multiple Carriers,2019-06-24,Delhi,Cochin,10:35:00,19:00:00,505,1.0,No Info,10678
Air India,2019-03-12,Banglore,New Delhi,08:50:00,16:20:00,1890,2.0,No Info,12778
Multiple Carriers,2019-05-15,Delhi,Cochin,09:00:00,21:00:00,720,1.0,No Info,13727
Indigo,2019-05-18,Mumbai,Hyderabad,20:05:00,21:40:00,95,0.0,No Info,2227
Air Asia,2019-03-03,Delhi,Cochin,16:45:00,07:10:00,865,1.0,No Info,13474
Jet Airways,2019-06-06,Kolkata,Banglore,09:35:00,14:25:00,1730,1.0,No Info,12692
Jet Airways,2019-05-27,Delhi,Cochin,17:30:00,12:35:00,1145,1.0,In-flight meal not included,12898
Vistara,2019-06-06,Kolkata,Banglore,20:20:00,18:50:00,1350,1.0,No Info,8820
Jet Airways,2019-06-09,Mumbai,Hyderabad,07:05:00,08:30:00,85,0.0,No Info,5678
Indigo,2019-04-09,Kolkata,Banglore,15:30:00,18:05:00,155,0.0,No Info,4174
Indigo,2019-03-06,Delhi,Cochin,09:10:00,01:35:00,985,1.0,No Info,14871
Indigo,2019-05-03,Kolkata,Banglore,15:30:00,18:05:00,155,0.0,No Info,4804
Air India,2019-05-06,Kolkata,Banglore,09:25:00,05:25:00,1200,2.0,No Info,17732
Vistara,2019-03-06,Mumbai,Hyderabad,07:30:00,19:55:00,745,1.0,No Info,12395
Indigo,2019-06-27,Mumbai,Hyderabad,12:00:00,13:30:00,90,0.0,No Info,2754
Multiple Carriers,2019-03-03,Delhi,Cochin,04:00:00,15:30:00,690,1.0,No Info,14973
Indigo,2019-06-12,Delhi,Cochin,11:25:00,01:30:00,845,1.0,No Info,5883
Multiple Carriers,2019-05-27,Delhi,Cochin,07:10:00,16:10:00,540,1.0,No Info,7878
Air India,2019-05-27,Delhi,Cochin,13:30:00,23:00:00,570,1.0,No Info,8907
Spicejet,2019-06-27,Delhi,Cochin,17:55:00,22:50:00,295,1.0,No Info,4957
Vistara,2019-03-24,Kolkata,Banglore,17:00:00,09:10:00,970,1.0,No Info,13310
Jet Airways,2019-06-06,Delhi,Cochin,16:00:00,04:25:00,745,1.0,No Info,14714
Indigo,2019-05-06,Kolkata,Banglore,21:00:00,02:15:00,315,1.0,No Info,7252
Air India,2019-04-21,Kolkata,Banglore,14:15:00,16:45:00,150,0.0,No Info,6245
Multiple Carriers,2019-03-06,Delhi,Cochin,10:20:00,21:00:00,640,1.0,No Info,15147
Indigo,2019-06-27,Kolkata,Banglore,11:30:00,14:05:00,155,0.0,No Info,4804
Spicejet,2019-05-18,Mumbai,Hyderabad,22:45:00,00:15:00,90,0.0,No check-in baggage included,1965
Jet Airways,2019-05-21,Banglore,Delhi,07:10:00,10:10:00,180,0.0,No Info,7229
Vistara,2019-03-03,Banglore,New Delhi,21:10:00,00:05:00,175,0.0,No Info,7608
Multiple Carriers,2019-06-09,Delhi,Cochin,11:25:00,19:00:00,455,1.0,No Info,11200
Jet Airways,2019-05-06,Kolkata,Banglore,20:00:00,09:20:00,800,1.0,No Info,14388
Jet Airways,2019-05-01,Kolkata,Banglore,08:25:00,09:20:00,1495,1.0,No Info,14388
Jet Airways,2019-03-06,Banglore,New Delhi,05:45:00,11:25:00,340,1.0,No Info,19225
Indigo,2019-03-03,Banglore,New Delhi,18:55:00,21:45:00,170,0.0,No Info,8855
Vistara,2019-05-24,Kolkata,Banglore,07:10:00,22:40:00,930,1.0,No Info,9397
Indigo,2019-06-24,Delhi,Cochin,16:10:00,22:30:00,380,1.0,No Info,6412
Multiple Carriers,2019-03-21,Delhi,Cochin,10:45:00,18:50:00,485,1.0,No Info,11622
Multiple Carriers,2019-06-06,Delhi,Cochin,15:15:00,01:30:00,615,1.0,No Info,6795
Multiple Carriers,2019-06-12,Delhi,Cochin,04:55:00,19:00:00,845,1.0,No Info,10678
Jet Airways,2019-05-18,Kolkata,Banglore,16:30:00,19:50:00,1640,1.0,In-flight meal not included,10844
Multiple Carriers,2019-06-24,Delhi,Cochin,11:40:00,19:00:00,440,1.0,In-flight meal not included,10791
Air India,2019-06-09,Delhi,Cochin,14:10:00,17:10:00,180,0.0,No Info,6094
Multiple Carriers,2019-06-09,Delhi,Cochin,10:20:00,19:00:00,520,1.0,No Info,11789
Air India,2019-03-12,Banglore,New Delhi,17:25:00,10:15:00,1010,2.0,No Info,12778
Indigo,2019-05-03,Mumbai,Hyderabad,02:35:00,04:05:00,90,0.0,No Info,2754
Air India,2019-06-06,Delhi,Cochin,05:15:00,19:15:00,2280,3.0,No Info,10703
Jet Airways,2019-05-21,Delhi,Cochin,14:00:00,04:25:00,865,1.0,In-flight meal not included,12898
Vistara,2019-04-15,Delhi,Cochin,14:40:00,17:50:00,190,0.0,No Info,6216
Jet Airways,2019-05-15,Kolkata,Banglore,17:00:00,14:25:00,1285,1.0,No Info,11467
Jet Airways,2019-06-09,Kolkata,Banglore,17:00:00,09:45:00,1005,1.0,No Info,14151
Jet Airways,2019-04-01,Banglore,Delhi,15:15:00,18:10:00,175,0.0,No Info,7229
Air India,2019-06-06,Mumbai,Hyderabad,21:05:00,22:25:00,80,0.0,No Info,3100
Air India,2019-03-12,Banglore,New Delhi,08:50:00,13:55:00,1745,2.0,No Info,13303
Indigo,2019-06-18,Mumbai,Hyderabad,19:05:00,20:35:00,90,0.0,No Info,2754
Jet Airways,2019-03-06,Banglore,New Delhi,07:00:00,19:10:00,730,1.0,No Info,16736
Air India,2019-06-12,Delhi,Cochin,21:00:00,07:40:00,640,1.0,No Info,8372
Spicejet,2019-06-24,Delhi,Cochin,08:45:00,13:15:00,270,1.0,No check-in baggage included,4760
Air India,2019-03-09,Delhi,Cochin,13:15:00,09:25:00,1210,2.0,No Info,11622
Air Asia,2019-06-09,Kolkata,Banglore,15:10:00,23:30:00,500,2.0,No Info,7870
Jet Airways,2019-06-27,Delhi,Cochin,02:15:00,12:35:00,620,1.0,No Info,18371
Air Asia,2019-06-06,Delhi,Cochin,07:55:00,22:25:00,870,1.0,No Info,8759
Vistara,2019-05-24,Chennai,Kolkata,17:45:00,20:05:00,140,0.0,No Info,11982
Trujet,2019-03-06,Mumbai,Hyderabad,13:05:00,16:20:00,195,1.0,No Info,4140
Multiple Carriers,2019-06-27,Delhi,Cochin,07:10:00,22:30:00,920,1.0,In-flight meal not included,6093
Jet Airways,2019-03-03,Delhi,Cochin,20:50:00,04:25:00,455,1.0,No Info,17234
Jet Airways,2019-05-18,Kolkata,Banglore,09:35:00,21:05:00,690,1.0,No Info,14151
Air India,2019-06-06,Kolkata,Banglore,10:00:00,05:25:00,1165,2.0,No Info,13007
Goair,2019-03-18,Banglore,New Delhi,11:40:00,14:35:00,175,0.0,No Info,4340
Multiple Carriers,2019-03-27,Delhi,Cochin,04:00:00,13:20:00,560,1.0,No Info,6305
Air India,2019-03-18,Banglore,New Delhi,13:20:00,16:10:00,170,0.0,No Info,4441
Jet Airways,2019-05-21,Delhi,Cochin,16:00:00,12:35:00,1235,1.0,In-flight meal not included,12898
Indigo,2019-06-15,Banglore,Delhi,08:30:00,11:20:00,170,0.0,No Info,4823
Vistara,2019-03-03,Banglore,New Delhi,06:40:00,10:25:00,1665,1.0,No Info,12476
Air India,2019-05-18,Kolkata,Banglore,07:00:00,01:20:00,1100,2.0,No Info,13873
Jet Airways,2019-05-01,Kolkata,Banglore,17:00:00,19:10:00,1570,1.0,In-flight meal not included,9314
Multiple Carriers,2019-03-06,Delhi,Cochin,07:30:00,18:50:00,680,1.0,No Info,15411
Jet Airways,2019-06-15,Delhi,Cochin,19:30:00,12:35:00,1025,2.0,No Info,13014
Indigo,2019-04-03,Kolkata,Banglore,17:15:00,19:50:00,155,0.0,No Info,4174
Jet Airways,2019-03-27,Delhi,Cochin,09:55:00,18:50:00,535,1.0,In-flight meal not included,5963
Jet Airways,2019-05-18,Kolkata,Banglore,08:25:00,09:20:00,1495,1.0,No Info,14388
Jet Airways,2019-04-01,Kolkata,Banglore,06:30:00,22:35:00,965,1.0,In-flight meal not included,7064
Air India,2019-05-01,Delhi,Cochin,17:15:00,09:25:00,970,2.0,No Info,8839
Jet Airways,2019-06-06,Kolkata,Banglore,20:25:00,10:55:00,870,1.0,In-flight meal not included,10539
Air India,2019-05-15,Kolkata,Banglore,14:35:00,14:35:00,1440,1.0,No Info,6528
Multiple Carriers,2019-06-12,Delhi,Cochin,12:50:00,01:30:00,760,1.0,No Info,6795
Jet Airways,2019-03-27,Delhi,Cochin,19:10:00,04:25:00,1995,2.0,In-flight meal not included,6643
Vistara,2019-06-03,Chennai,Kolkata,07:05:00,09:20:00,135,0.0,No Info,3687
Jet Airways,2019-06-01,Delhi,Cochin,22:50:00,04:25:00,335,1.0,In-flight meal not included,10262
Indigo,2019-06-09,Banglore,Delhi,01:30:00,04:15:00,165,0.0,No Info,4077
Jet Airways,2019-04-27,Banglore,Delhi,18:55:00,22:00:00,185,0.0,In-flight meal not included,4544
Indigo,2019-03-03,Delhi,Cochin,09:55:00,15:10:00,315,1.0,No Info,12214
Air India,2019-06-12,Kolkata,Banglore,16:50:00,07:55:00,905,1.0,No Info,8366
Indigo,2019-05-27,Mumbai,Hyderabad,02:35:00,04:05:00,90,0.0,No Info,2754
Multiple Carriers,2019-06-06,Delhi,Cochin,06:00:00,21:00:00,900,1.0,No Info,7005
Jet Airways,2019-06-03,Delhi,Cochin,15:00:00,19:00:00,1680,1.0,In-flight meal not included,10262
Spicejet,2019-04-01,Kolkata,Banglore,08:35:00,17:15:00,520,1.0,No Info,6013
Indigo,2019-06-15,Delhi,Cochin,08:35:00,16:10:00,455,1.0,No Info,6442
Jet Airways,2019-05-06,Delhi,Cochin,22:50:00,04:25:00,335,1.0,No Info,15554
Spicejet,2019-03-15,Banglore,New Delhi,09:35:00,12:30:00,175,0.0,No check-in baggage included,6205
Vistara,2019-06-12,Kolkata,Banglore,07:10:00,20:20:00,790,1.0,No Info,8610
Multiple Carriers,2019-06-12,Delhi,Cochin,13:05:00,22:30:00,565,1.0,No Info,9646
Indigo,2019-06-01,Delhi,Cochin,10:35:00,01:30:00,895,1.0,No Info,6206
Indigo,2019-05-21,Delhi,Cochin,15:00:00,01:30:00,630,1.0,No Info,6896
Air India,2019-05-21,Kolkata,Banglore,08:20:00,07:55:00,1415,2.0,No Info,11222
Air India,2019-05-01,Kolkata,Banglore,09:25:00,18:30:00,545,1.0,No Info,8891
Jet Airways,2019-05-15,Kolkata,Banglore,06:30:00,12:00:00,330,1.0,In-flight meal not included,9663
Indigo,2019-03-27,Delhi,Cochin,05:05:00,10:05:00,300,1.0,No Info,6827
Jet Airways,2019-04-01,Kolkata,Banglore,09:35:00,21:05:00,690,1.0,In-flight meal not included,8066
Jet Airways,2019-05-18,Delhi,Cochin,07:05:00,19:00:00,715,1.0,In-flight meal not included,12373
Indigo,2019-04-01,Kolkata,Banglore,08:10:00,13:00:00,290,1.0,No Info,5069
Spicejet,2019-06-24,Kolkata,Banglore,22:20:00,00:40:00,140,0.0,No check-in baggage included,3841
Air Asia,2019-05-01,Kolkata,Banglore,15:10:00,23:30:00,500,2.0,No Info,5192
Jet Airways,2019-06-01,Delhi,Cochin,13:00:00,19:00:00,360,1.0,In-flight meal not included,10262
Spicejet,2019-06-01,Chennai,Kolkata,17:45:00,20:05:00,140,0.0,No check-in baggage included,3543
Jet Airways,2019-05-09,Kolkata,Banglore,17:00:00,09:45:00,1005,1.0,No Info,12121
Indigo,2019-05-09,Delhi,Cochin,21:50:00,03:35:00,345,1.0,No Info,6058
Jet Airways,2019-05-06,Kolkata,Banglore,14:05:00,04:40:00,875,1.0,In-flight meal not included,9663
Multiple Carriers,2019-05-15,Delhi,Cochin,06:00:00,19:00:00,780,1.0,No Info,9794
Multiple Carriers,2019-06-03,Delhi,Cochin,06:00:00,21:00:00,900,1.0,No Info,8475
Jet Airways,2019-05-21,Delhi,Cochin,09:00:00,19:00:00,600,1.0,No Info,16079
Spicejet,2019-04-27,Kolkata,Banglore,09:00:00,11:25:00,145,0.0,No Info,4174
Multiple Carriers,2019-05-18,Delhi,Cochin,04:55:00,12:35:00,460,1.0,No Info,8882
Indigo,2019-03-21,Delhi,Cochin,07:35:00,16:10:00,515,1.0,No Info,6558
Jet Airways,2019-06-12,Delhi,Cochin,09:25:00,04:25:00,1140,2.0,No Info,13882
Air Asia,2019-03-06,Kolkata,Banglore,22:50:00,01:20:00,150,0.0,No Info,4384
Goair,2019-03-06,Delhi,Cochin,10:25:00,19:20:00,535,1.0,No Info,8213
Multiple Carriers,2019-05-27,Delhi,Cochin,11:30:00,01:30:00,840,1.0,No Info,13377
Multiple Carriers,2019-03-03,Delhi,Cochin,07:00:00,21:00:00,840,1.0,No Info,15603
Indigo,2019-03-03,Kolkata,Banglore,10:10:00,12:55:00,165,0.0,No Info,6565
Jet Airways,2019-06-12,Delhi,Cochin,09:35:00,12:35:00,1620,2.0,No Info,13292
Jet Airways,2019-03-27,Delhi,Cochin,06:20:00,18:50:00,750,2.0,No Info,11538
Air India,2019-05-18,Kolkata,Banglore,14:35:00,14:35:00,1440,1.0,No Info,6528
Air Asia,2019-05-24,Kolkata,Banglore,10:20:00,12:55:00,155,0.0,No Info,4409
Indigo,2019-04-01,Mumbai,Hyderabad,20:05:00,21:40:00,95,0.0,No Info,2227
Multiple Carriers,2019-04-09,Delhi,Cochin,11:40:00,01:30:00,830,1.0,No Info,6645
Jet Airways,2019-03-21,Delhi,Cochin,15:00:00,04:25:00,805,1.0,In-flight meal not included,6017
Jet Airways,2019-03-06,Delhi,Cochin,05:30:00,19:45:00,2295,2.0,In-flight meal not included,15864
Indigo,2019-06-01,Delhi,Cochin,16:10:00,22:30:00,380,1.0,No Info,6938
Jet Airways,2019-06-21,Delhi,Cochin,11:00:00,14:15:00,195,0.0,In-flight meal not included,4256
Goair,2019-05-12,Kolkata,Banglore,16:40:00,00:15:00,455,1.0,No Info,8855
Air India,2019-03-21,Delhi,Cochin,17:20:00,09:25:00,965,1.0,No Info,6482
Multiple Carriers,2019-03-06,Delhi,Cochin,07:05:00,15:30:00,505,1.0,No Info,17267
Multiple Carriers,2019-05-21,Delhi,Cochin,15:05:00,01:30:00,625,2.0,No Info,16655
Indigo,2019-03-03,Delhi,Cochin,02:00:00,07:45:00,345,1.0,No Info,9257
Jet Airways,2019-06-09,Delhi,Cochin,18:25:00,12:35:00,1090,2.0,No Info,14237
Air India,2019-05-03,Banglore,Delhi,13:20:00,16:10:00,170,0.0,No Info,6121
Indigo,2019-05-12,Delhi,Cochin,14:25:00,17:40:00,195,0.0,No Info,5000
Spicejet,2019-03-18,Chennai,Kolkata,08:20:00,10:35:00,135,0.0,No check-in baggage included,3807
Jet Airways,2019-03-18,Banglore,New Delhi,05:45:00,10:25:00,280,1.0,No Info,12284
Air India,2019-06-01,Delhi,Cochin,14:10:00,17:10:00,180,0.0,No Info,6934
Indigo,2019-06-06,Kolkata,Banglore,11:30:00,14:05:00,155,0.0,No Info,5224
Air India,2019-04-03,Kolkata,Banglore,20:45:00,23:20:00,155,0.0,No Info,4460
Air India,2019-03-21,Delhi,Cochin,12:20:00,19:15:00,1855,2.0,No Info,10703
Vistara,2019-04-01,Kolkata,Banglore,20:20:00,23:25:00,1625,1.0,No Info,7927
Spicejet,2019-06-27,Chennai,Kolkata,08:20:00,10:35:00,135,0.0,No Info,3597
Jet Airways,2019-05-18,Kolkata,Banglore,17:00:00,21:05:00,1685,1.0,No Info,14151
Air India,2019-06-01,Delhi,Cochin,12:30:00,09:25:00,1255,1.0,No Info,7480
Jet Airways,2019-03-09,Delhi,Cochin,06:50:00,19:45:00,775,1.0,No Info,16289
Spicejet,2019-05-09,Delhi,Cochin,17:55:00,22:50:00,295,1.0,No Info,5975
Indigo,2019-05-27,Delhi,Cochin,07:30:00,21:00:00,810,1.0,No Info,6526
Jet Airways,2019-05-12,Kolkata,Banglore,20:25:00,19:10:00,1365,1.0,No Info,13067
Spicejet,2019-04-03,Delhi,Cochin,08:45:00,13:15:00,270,1.0,No check-in baggage included,4098
Air India,2019-05-06,Mumbai,Hyderabad,19:30:00,20:45:00,75,0.0,No Info,3100
Jet Airways,2019-06-06,Delhi,Cochin,14:00:00,04:25:00,865,1.0,In-flight meal not included,10262
Jet Airways,2019-06-06,Kolkata,Banglore,18:55:00,12:00:00,1025,1.0,No Info,14571
Jet Airways,2019-05-24,Kolkata,Banglore,20:00:00,19:50:00,1430,1.0,In-flight meal not included,10844
Spicejet,2019-04-01,Banglore,Delhi,21:10:00,00:05:00,175,0.0,No check-in baggage included,3573
Jet Airways,2019-06-12,Delhi,Cochin,11:30:00,04:25:00,1015,1.0,In-flight meal not included,10262
Indigo,2019-05-27,Chennai,Kolkata,14:45:00,17:05:00,140,0.0,No Info,3597
Jet Airways,2019-03-21,Delhi,Cochin,18:25:00,04:25:00,2040,2.0,No Info,12347
Jet Airways,2019-03-03,Delhi,Cochin,11:30:00,18:50:00,440,1.0,No Info,18550
Air India,2019-03-15,Banglore,New Delhi,08:15:00,08:50:00,1475,1.0,No Info,5521
Jet Airways,2019-05-27,Banglore,Delhi,19:50:00,22:50:00,180,0.0,No Info,7229
Indigo,2019-04-24,Banglore,Delhi,22:10:00,01:00:00,170,0.0,No Info,3625
Jet Airways,2019-03-27,Delhi,Cochin,09:55:00,04:25:00,1110,1.0,In-flight meal not included,6540
Spicejet,2019-06-15,Banglore,Delhi,21:10:00,00:05:00,175,0.0,No Info,3971
Air India,2019-05-18,Delhi,Cochin,22:00:00,19:15:00,1275,2.0,No Info,11228
Indigo,2019-03-18,Mumbai,Hyderabad,12:00:00,13:25:00,85,0.0,No Info,2754
Jet Airways,2019-03-24,Kolkata,Banglore,08:25:00,22:35:00,850,1.0,No Info,13759
Jet Airways,2019-03-12,Banglore,New Delhi,22:55:00,07:40:00,525,1.0,No Info,13817
Jet Airways,2019-05-06,Kolkata,Banglore,21:10:00,10:05:00,775,1.0,No Info,13584
Jet Airways,2019-05-21,Delhi,Cochin,19:30:00,04:25:00,535,2.0,In-flight meal not included,13029
Jet Airways,2019-05-21,Kolkata,Banglore,20:25:00,09:45:00,800,1.0,In-flight meal not included,12384
Jet Airways,2019-05-24,Delhi,Cochin,23:05:00,04:25:00,1760,2.0,No Info,16704
Jet Airways,2019-03-01,Banglore,New Delhi,19:55:00,22:35:00,160,0.0,No Info,18308
Air India,2019-03-01,Banglore,New Delhi,08:50:00,23:55:00,2345,2.0,No Info,17135
Jet Airways,2019-06-12,Kolkata,Banglore,06:30:00,10:05:00,1655,1.0,In-flight meal not included,8529
Air India,2019-03-01,Banglore,New Delhi,05:50:00,11:20:00,1770,4.0,Change airports,17686
Vistara,2019-05-21,Kolkata,Banglore,07:10:00,20:20:00,790,1.0,No Info,9345
Jet Airways,2019-05-09,Delhi,Cochin,05:30:00,19:00:00,810,2.0,No Info,15129
Vistara,2019-05-27,Chennai,Kolkata,07:05:00,09:20:00,135,0.0,No Info,3687
Air India,2019-03-21,Delhi,Cochin,09:45:00,23:00:00,795,1.0,No Info,5704
Air India,2019-05-24,Kolkata,Banglore,12:00:00,07:55:00,1195,2.0,No Info,9416
Jet Airways,2019-05-24,Kolkata,Banglore,09:35:00,14:25:00,1730,1.0,No Info,12121
Air Asia,2019-05-15,Delhi,Cochin,16:45:00,22:25:00,340,1.0,No Info,6752
Air Asia,2019-06-24,Kolkata,Banglore,19:55:00,22:25:00,150,0.0,No Info,3807
Air India,2019-03-21,Delhi,Cochin,12:00:00,07:40:00,1180,2.0,No Info,9706
Air India,2019-04-01,Kolkata,Banglore,10:00:00,05:25:00,1165,2.0,No Info,12639
Multiple Carriers,2019-06-06,Delhi,Cochin,13:00:00,21:00:00,480,1.0,No Info,13587
Jet Airways,2019-06-12,Kolkata,Banglore,09:35:00,22:05:00,750,1.0,No Info,12692
Air India,2019-05-12,Mumbai,Hyderabad,06:20:00,07:40:00,80,0.0,No Info,3100
Jet Airways,2019-03-06,Banglore,New Delhi,16:55:00,05:05:00,730,1.0,No Info,16736
Jet Airways,2019-05-06,Mumbai,Hyderabad,07:05:00,08:30:00,85,0.0,No Info,8040
Air Asia,2019-05-24,Banglore,Delhi,11:10:00,13:55:00,165,0.0,No Info,3383
Multiple Carriers,2019-05-27,Delhi,Cochin,14:00:00,01:30:00,690,1.0,In-flight meal not included,6943
Multiple Carriers,2019-06-03,Delhi,Cochin,08:30:00,19:15:00,645,1.0,No Info,7677
Indigo,2019-03-27,Delhi,Cochin,06:40:00,21:20:00,880,2.0,No Info,6494
Jet Airways,2019-06-12,Mumbai,Hyderabad,07:05:00,08:30:00,85,0.0,In-flight meal not included,4995
Jet Airways,2019-03-01,Mumbai,Hyderabad,07:10:00,08:35:00,85,0.0,No Info,17501
Spicejet,2019-05-09,Kolkata,Banglore,11:35:00,18:50:00,435,1.0,No Info,8479
Jet Airways,2019-04-01,Kolkata,Banglore,18:55:00,09:20:00,865,1.0,In-flight meal not included,7064
Multiple Carriers,2019-04-09,Delhi,Cochin,06:00:00,13:20:00,440,1.0,No Info,8323
Indigo,2019-06-06,Kolkata,Banglore,10:30:00,16:05:00,335,1.0,No Info,6301
Jet Airways,2019-04-06,Banglore,Delhi,07:10:00,10:10:00,180,0.0,In-flight meal not included,4544
Multiple Carriers,2019-05-27,Delhi,Cochin,17:45:00,01:30:00,465,1.0,No Info,6795
Jet Airways,2019-05-21,Kolkata,Banglore,08:25:00,18:15:00,590,1.0,In-flight meal not included,10844
Indigo,2019-04-12,Kolkata,Banglore,15:15:00,17:45:00,150,0.0,No Info,4174
Spicejet,2019-03-09,Kolkata,Banglore,17:15:00,19:45:00,150,0.0,No Info,4622
Jet Airways,2019-05-21,Delhi,Cochin,05:30:00,04:25:00,1375,2.0,No Info,15129
Vistara,2019-06-18,Chennai,Kolkata,17:45:00,20:05:00,140,0.0,No Info,11982
Multiple Carriers,2019-03-03,Delhi,Cochin,17:50:00,01:35:00,465,2.0,No Info,24528
Jet Airways,2019-06-06,Delhi,Cochin,11:30:00,04:25:00,1015,1.0,No Info,14714
Indigo,2019-03-27,Delhi,Cochin,05:35:00,08:50:00,195,0.0,No Info,4729
Jet Airways,2019-05-03,Banglore,Delhi,19:50:00,22:50:00,180,0.0,No Info,7229
Jet Airways,2019-05-12,Kolkata,Banglore,18:55:00,09:20:00,865,1.0,In-flight meal not included,9663
Air India,2019-06-06,Kolkata,Banglore,14:30:00,08:55:00,1105,2.0,No Info,15894
Multiple Carriers,2019-05-15,Delhi,Cochin,10:35:00,19:15:00,520,1.0,No Info,7575
Jet Airways,2019-03-06,Delhi,Cochin,08:00:00,04:25:00,1225,1.0,No Info,15974
Jet Airways,2019-05-15,Kolkata,Banglore,21:10:00,10:05:00,775,1.0,In-flight meal not included,11841
Indigo,2019-06-01,Delhi,Cochin,08:35:00,22:30:00,835,1.0,No Info,6442
Jet Airways,2019-06-03,Delhi,Cochin,21:25:00,12:35:00,910,2.0,No Info,13292
Indigo,2019-06-01,Delhi,Cochin,02:00:00,07:45:00,345,1.0,No Info,6386
Jet Airways,2019-05-01,Kolkata,Banglore,20:25:00,09:45:00,800,1.0,No Info,11467
Vistara,2019-05-01,Kolkata,Banglore,17:00:00,18:50:00,1550,1.0,No Info,8610
Indigo,2019-05-24,Kolkata,Banglore,09:20:00,14:15:00,295,1.0,No Info,9376
Jet Airways,2019-06-06,Kolkata,Banglore,20:00:00,04:40:00,520,1.0,No Info,13731
Indigo,2019-05-09,Chennai,Kolkata,11:35:00,14:00:00,145,0.0,No Info,4332
Jet Airways,2019-06-06,Kolkata,Banglore,20:00:00,08:15:00,735,1.0,No Info,14571
Jet Airways,2019-05-21,Kolkata,Banglore,06:30:00,19:50:00,800,1.0,In-flight meal not included,10844
Multiple Carriers,2019-03-27,Delhi,Cochin,06:00:00,13:20:00,440,1.0,No Info,7845
Jet Airways,2019-06-03,Delhi,Cochin,20:55:00,04:25:00,450,1.0,In-flight meal not included,10262
Multiple Carriers,2019-05-15,Delhi,Cochin,06:00:00,19:15:00,795,1.0,No Info,8266
Jet Airways,2019-06-27,Delhi,Cochin,22:50:00,04:25:00,335,1.0,No Info,16079
Spicejet,2019-06-09,Kolkata,Banglore,08:35:00,17:15:00,520,1.0,No Info,6853
Jet Airways,2019-03-24,Kolkata,Banglore,19:45:00,23:25:00,1660,1.0,In-flight meal not included,10031
Indigo,2019-05-01,Mumbai,Hyderabad,19:05:00,20:35:00,90,0.0,No Info,2754
Jet Airways,2019-05-21,Delhi,Cochin,10:00:00,04:25:00,1105,1.0,In-flight meal not included,12898
Multiple Carriers,2019-05-27,Delhi,Cochin,06:40:00,19:00:00,740,1.0,No Info,9315
Air India,2019-05-24,Mumbai,Hyderabad,15:00:00,16:25:00,85,0.0,No Info,3100
Air India,2019-05-18,Kolkata,Banglore,16:45:00,21:05:00,1700,1.0,No Info,7872
Vistara,2019-04-24,Delhi,Cochin,14:40:00,17:50:00,190,0.0,No Info,6216
Jet Airways,2019-06-03,Delhi,Cochin,20:55:00,19:00:00,1325,1.0,No Info,14714
Indigo,2019-05-21,Delhi,Cochin,20:25:00,01:30:00,305,1.0,No Info,5054
Jet Airways,2019-03-12,Banglore,New Delhi,18:55:00,18:25:00,1410,1.0,In-flight meal not included,11087
Jet Airways,2019-06-09,Kolkata,Banglore,20:00:00,16:20:00,1220,1.0,In-flight meal not included,10844
Multiple Carriers,2019-06-15,Delhi,Cochin,14:55:00,22:30:00,455,1.0,In-flight meal not included,6093
Jet Airways,2019-04-01,Kolkata,Banglore,21:10:00,08:15:00,665,1.0,No Info,13364
Indigo,2019-06-24,Delhi,Cochin,09:15:00,01:30:00,975,1.0,No Info,6628
Indigo,2019-06-12,Mumbai,Hyderabad,21:20:00,22:50:00,90,0.0,No Info,2227
Jet Airways,2019-05-27,Delhi,Cochin,09:40:00,12:35:00,1615,2.0,No Info,15129
Air India,2019-05-27,Mumbai,Hyderabad,13:55:00,15:25:00,90,0.0,No Info,3625
Spicejet,2019-04-06,Banglore,Delhi,09:30:00,12:20:00,170,0.0,No check-in baggage included,4319
Spicejet,2019-05-21,Delhi,Cochin,15:45:00,22:05:00,380,1.0,No Info,7317
Spicejet,2019-05-09,Banglore,Delhi,05:55:00,08:35:00,160,0.0,No check-in baggage included,3573
Spicejet,2019-06-18,Kolkata,Banglore,17:10:00,19:40:00,150,0.0,No check-in baggage included,3841
Jet Airways,2019-06-01,Delhi,Cochin,17:30:00,12:35:00,1145,1.0,In-flight meal not included,10262
Air India,2019-05-12,Banglore,Delhi,10:00:00,12:45:00,165,0.0,No Info,5228
Jet Airways,2019-06-06,Kolkata,Banglore,09:35:00,23:35:00,840,1.0,No Info,14151
Spicejet,2019-05-21,Banglore,Delhi,09:30:00,12:20:00,170,0.0,No Info,3625
Multiple Carriers,2019-06-15,Delhi,Cochin,07:30:00,19:15:00,705,1.0,No Info,8614
Jet Airways,2019-05-15,Kolkata,Banglore,16:30:00,23:35:00,425,1.0,In-flight meal not included,8586
Air India,2019-03-01,Banglore,New Delhi,06:10:00,08:55:00,165,0.0,No Info,15676
Jet Airways,2019-06-12,Kolkata,Banglore,08:25:00,18:15:00,590,1.0,No Info,13626
Air Asia,2019-06-01,Delhi,Cochin,20:45:00,07:10:00,625,1.0,No Info,11410
Air India,2019-04-24,Delhi,Cochin,05:10:00,08:00:00,170,0.0,No Info,5201
Indigo,2019-06-09,Delhi,Cochin,02:00:00,07:45:00,345,1.0,No Info,6386
Vistara,2019-06-01,Delhi,Cochin,06:00:00,09:10:00,190,0.0,No Info,6741
Air India,2019-06-06,Kolkata,Banglore,05:50:00,12:30:00,1840,2.0,No Info,12723
Indigo,2019-06-18,Banglore,Delhi,16:55:00,19:55:00,180,0.0,No Info,4823
Jet Airways,2019-05-18,Kolkata,Banglore,05:45:00,19:50:00,845,1.0,No Info,14781
Jet Airways,2019-05-09,Delhi,Cochin,13:00:00,04:25:00,925,1.0,In-flight meal not included,12373
Air India,2019-03-06,Mumbai,Hyderabad,10:00:00,23:45:00,825,1.0,No Info,11678
Spicejet,2019-05-27,Mumbai,Hyderabad,22:45:00,00:15:00,90,0.0,No check-in baggage included,1965
Multiple Carriers ,2019-03-21,Delhi,Cochin,08:55:00,15:30:00,395,1.0,No Info,11269
Indigo,2019-06-12,Mumbai,Hyderabad,16:55:00,18:25:00,90,0.0,No Info,3175
Air Asia,2019-06-21,Banglore,Delhi,23:55:00,02:45:00,170,0.0,No Info,3383
Jet Airways,2019-05-18,Delhi,Cochin,14:35:00,04:25:00,830,2.0,In-flight meal not included,13848
Indigo,2019-03-03,Delhi,Cochin,10:45:00,15:30:00,285,1.0,No Info,7725
Air India,2019-06-12,Kolkata,Banglore,09:10:00,11:05:00,1555,2.0,No Info,6117
Indigo,2019-06-21,Mumbai,Hyderabad,21:20:00,22:50:00,90,0.0,No Info,2227
Spicejet,2019-03-09,Kolkata,Banglore,09:00:00,11:30:00,150,0.0,No Info,5515
Spicejet,2019-05-15,Banglore,Delhi,21:10:00,00:05:00,175,0.0,No Info,3625
Spicejet,2019-06-27,Banglore,Delhi,09:30:00,12:20:00,170,0.0,No check-in baggage included,3573
Multiple Carriers,2019-06-09,Delhi,Cochin,04:55:00,19:00:00,845,1.0,No Info,10877
Indigo,2019-05-15,Delhi,Cochin,15:00:00,01:30:00,630,1.0,No Info,7191
Air India,2019-05-09,Kolkata,Banglore,16:45:00,21:05:00,1700,1.0,No Info,7662
Indigo,2019-04-09,Banglore,Delhi,10:10:00,13:00:00,170,0.0,No Info,4423
Air India,2019-03-24,Banglore,New Delhi,10:00:00,12:45:00,165,0.0,No Info,4441
Air India,2019-06-09,Kolkata,Banglore,16:50:00,05:35:00,765,2.0,No Info,11642
Indigo,2019-06-24,Chennai,Kolkata,19:35:00,21:55:00,140,0.0,No Info,3597
Jet Airways,2019-06-03,Delhi,Cochin,02:15:00,04:25:00,1570,1.0,In-flight meal not included,11627
Air India,2019-06-06,Kolkata,Banglore,08:20:00,07:55:00,1415,2.0,No Info,10697
Vistara,2019-06-03,Banglore,Delhi,07:00:00,09:40:00,160,0.0,No Info,4668
Air India,2019-03-21,Banglore,New Delhi,11:50:00,13:00:00,1510,1.0,No Info,5092
Jet Airways,2019-06-06,Delhi,Cochin,19:45:00,19:00:00,1395,1.0,No Info,14714
Air India,2019-06-27,Delhi,Cochin,12:30:00,09:25:00,1255,1.0,No Info,7480
Air India,2019-03-15,Banglore,New Delhi,10:30:00,11:20:00,1490,1.0,No Info,7013
Jet Airways,2019-03-12,Banglore,New Delhi,22:55:00,07:40:00,525,1.0,In-flight meal not included,11087
Indigo,2019-04-12,Kolkata,Banglore,14:25:00,16:55:00,150,0.0,No Info,5224
Indigo,2019-06-24,Kolkata,Banglore,15:15:00,17:45:00,150,0.0,No Info,4804
Indigo,2019-05-27,Delhi,Cochin,11:25:00,01:30:00,845,1.0,No Info,6104
Indigo,2019-03-06,Delhi,Cochin,15:00:00,01:35:00,635,1.0,No Info,14871
Jet Airways,2019-03-12,Banglore,New Delhi,21:25:00,10:25:00,780,1.0,No Info,13817
Air India,2019-06-12,Kolkata,Banglore,10:00:00,05:25:00,1165,2.0,No Info,13532
Jet Airways,2019-05-06,Kolkata,Banglore,20:25:00,18:00:00,1295,1.0,In-flight meal not included,9314
Indigo,2019-05-21,Kolkata,Banglore,15:30:00,18:05:00,155,0.0,No Info,4804
Indigo,2019-06-06,Kolkata,Banglore,22:15:00,00:50:00,155,0.0,No Info,4804
Air India,2019-06-12,Delhi,Cochin,12:00:00,07:40:00,1180,2.0,No Info,8603
Indigo,2019-03-24,Banglore,New Delhi,01:30:00,04:15:00,165,0.0,No Info,4238
Air India,2019-03-15,Banglore,New Delhi,11:50:00,13:00:00,1510,1.0,No Info,8032
Spicejet,2019-06-18,Mumbai,Hyderabad,05:45:00,07:15:00,90,0.0,No check-in baggage included,2647
Jet Airways,2019-06-06,Kolkata,Banglore,17:00:00,09:45:00,1005,1.0,No Info,12692
